key,town,spot,map
ontario,"Ontario, NY",1119 Lake Rd,https://goo.gl/maps/F6EdqviS965HvQdM9
lansing,"Lansing, NY",Town Ball Fields,https://goo.gl/maps/wuLzoMzCPqPEfbav6
blackDiamond,"Ithaca, NY",Black Diamond Trailhead,https://maps.app.goo.gl/j47BPEHgb6m13dwg6
danbyPnR,"Danby, NY",Park'n'Ride lot,https://maps.app.goo.gl/yj3KjwDPc2B92tAf8
danbyFood,"Danby, NY",Danby Food and Drink,https://maps.app.goo.gl/okLmKbnZG3KSvUiS6
nicholsPond,"Spencer, NY",Nichols Pond Park,https://maps.app.goo.gl/JA783p7MZ2dWi7o58
hangar,"Ithaca, NY",Hangar Theater,https://maps.app.goo.gl/MVogYg6yYnPz37Gs9
cassPark,"Ithaca, NY",Cass Park Ice Rink,https://goo.gl/maps/hgi8g4rDbjPhqFgP6
pennYan,"Penn Yan, NY",Best Western,https://maps.app.goo.gl/FaS7WmA85mo3xWYdA
northPonds,"Webster, NY","North Ponds Park, north lot",https://maps.app.goo.gl/CLTUGG42fkwtwbLh7
cortland,"Cortland, NY",finishes at 152 Clinton Ave,https://maps.app.goo.gl/xARwzAP85bzscoTf7
