date,time,route,name,km,start,type,fee,ebrevet,link,note
2025-12-07,7:30 AM,wolcott-falls,,,,RUSA populaire,Free,,,
2025-12-07,7:30 AM,womens-rights-loop,,,,RUSA brevet,$10,,,
2026-01-31,7:30 AM,womens-rights-loop,,,,ACP brevet,$10,,,
2026-02-28,7:30 AM,womens-rights-loop,,,,ACP brevet,$10,,,
2026-03-29,7:30 AM,lap-of-rochester,,,,ACP brevet,$10,,,
2026-04-12,7:30 AM,lansing-101,,,,RUSA populaire,Free,https://randonneuring.org/index.php/event_info/932007-494,,
2026-04-18,7:30 AM,five-waterfalls,,,,RUSA populaire,Free,https://randonneuring.org/index.php/event_info/932007-479,,
2026-04-30,7:30 AM,ontario-to-naples,,,,ACP brevet,$10,,,
2026-05-02,7:30 AM,all-roads-lead-to-athens,,,,RUSA populaire,Free,https://randonneuring.org/index.php/event_info/932007-481,,
2026-05-03,7:30 AM,athens-revisited,,,,RUSA populaire,Free,https://randonneuring.org/index.php/event_info/932007-493,,
2026-05-09,7:30 AM,angling-up-to-auburn,,,,RUSA populaire,Free,https://randonneuring.org/index.php/event_info/932007-480,,
2026-05-09,7:30 AM,lansing-auburn-weltonville,,,,ACP brevet,$10,https://randonneuring.org/index.php/event_info/932007-452,,
2026-05-16,7:00 AM,jims-early-season-300k,,,,ACP brevet,$20,,,
2026-05-22,Team choice,,Flèche,360,,ACP flèche,$36,,,Team captain contacts the RBA with proposed route.
2026-05-22,Team choice,,Trace,200,,ACP trace,$10,,,Team captain contacts the RBA with proposed route.
2026-05-30,6:00 AM,flight-in-the-finger-lakes,,,,ACP brevet,$20,https://randonneuring.org/index.php/event_info/932007-451,,
2026-05-31,7:00 AM,,TBD,200,,ACP brevet,$10,,,
2026-06-13,TBD,,TBD,200,,ACP brevet,$10,,,
2026-06-13,6:00 AM,around-the-finger-lakes,,,,ACP brevet,$25,https://randonneuring.org/index.php/event_info/932007-450,,
2026-06-28,7:00 AM,camptown-french-azilum,,,,ACP brevet,$10,https://randonneuring.org/index.php/event_info/932007-434,,
2026-06-28,7:00 AM,jims-early-season-300k,,,,ACP brevet,$20,,,
2026-07-11,7:00 AM,letchworth-cayuga,,,,ACP brevet,$25,https://randonneuring.org/index.php/event_info/932007-454,,
2026-07-25,6:00 AM,pauls-niagara-600k,,,,ACP brevet,$25,,,
2026-08-01,8:30 AM,,Dart Populaire,120,cortland,RUSA dart,Free,,,
2026-08-07,6:00 AM,joes-niagara-400k,,,,ACP brevet,$25,,,
2026-08-22,7:00 AM,,TBD,200,,ACP brevet,$10,,,
2026-08-29,6:00 AM,pauls-niagara-600k,,,,ACP brevet,$25,,,
2026-09-05,6:00 AM,jims-early-season-300k,,,,ACP brevet,$20,,,
2026-09-09,4:00 AM,,Western NY Waterfalls 1300K / 1200K / 1000K,1309,northPonds,RM randonnée,TBD,,#/waterfalls,Also run as 600K and 400K ACP brevets.
2026-09-19,7:00 AM,seaway-diner,,,,ACP brevet,$10,,,
2026-09-20,TBD,,TBD,200,,ACP brevet,$10,,,
2026-09-27,8:00 AM,all-roads-lead-to-athens,,,,RUSA populaire,Free,https://randonneuring.org/index.php/event_info/932007-553,,
2026-10-10,6:00 AM,pauls-niagara-600k,,,,ACP brevet,$25,,,
2026-10-10,7:00 AM,ontario-to-naples,,,,ACP brevet,$10,,,
2026-10-11,8:00 AM,athens-revisited,,,,RUSA populaire,Free,https://randonneuring.org/index.php/event_info/932007-577,,
2026-10-16,Evening,joes-niagara-400k,,,,ACP brevet,$25,,,
2026-10-18,7:30 AM,womens-rights-loop,,,,ACP brevet,$10,,,
2026-10-31,6:30 AM,pauls-niagara-600k,,,,ACP brevet,$25,,,
2026-11-01,6:00 AM,jims-early-season-300k,,,,ACP brevet,$20,,,
2026-11-06,Evening,joes-niagara-400k,,,,ACP brevet,$25,,,
2026-11-07,7:30 AM,lap-of-rochester,,,,ACP brevet,$10,,,
2026-12-05,7:30 AM,lap-of-rochester,,,,ACP brevet,$10,,,
