id,name,start,maps,km,rusa,perm,cues,description,note
erie-canal-buffalo-to-lockport-with-niagara-falls-perm,Erie Canal - Buffalo to Lockport with Niagara Falls,"Buffalo, NY",https://ridewithgps.com/routes/50742189,,,5530,,"This route is intended as an option for Day #1 of a 5-day ride of the scenic Erie Canalway from Buffalo to Albany, with a side trip to the majestic Niagara Falls.",
pompey-hill-perm,Pompey Hill,"East Syracuse, NY",https://ridewithgps.com/routes/33218574,,,3530,,"Tri-county reversible free-route perm, mostly in Onondaga County but also in Madison County and Cortland County roads with climbs up Pompey Hill to elevation of 1683' above sea level, steepest grade 9%.",
to-parish-and-back-perm,To Parish and Back,"Minoa, NY",https://ridewithgps.com/routes/33218515,,,3756,,"North-south out-and-back ride from Minoa around western edge of Oneida Lake; shadowing I-81 on local roads to fringe Tug Hill community of Parish, also within miles of Lake Ontario.",
truxton-tinkers-falls-tully-perm,Truxton Tinkers Falls Tully,"Cortland, NY",https://ridewithgps.com/routes/48821176,,,5284,,"Rolling terrain through Cortland, Madison and Onondaga counties, passing a through a number of small hamlets and towns and exploring unique geological locations",
tully-100,Tully 100K,"Tully, NY",https://ridewithgps.com/routes/57471874,100,37,,https://distancerider.net/cues/100BW_1.pdf,,Map reconstructed from the cue sheet and not yet checked against the approved route.
five-waterfalls,Five Waterfalls Populaire,blackDiamond,https://ridewithgps.com/routes/49262072,,3507,4370,,Visits five well known waterfalls in the area near Cayuga and Seneca Lakes,
honeoye-101-perm,Honeoye 101,"Farmington, NY",https://ridewithgps.com/routes/45938716,,,5051,,"Mostly quiet farm roads, circumnavigate Honeoye Lake; hilly.",
lansing-101,Lansing 101 Populaire,lansing,https://ridewithgps.com/routes/42141233,101,3134,,https://distancerider.net/cues/101_LAN-1-Populaire-0800.pdf,"An introduction to randonneuring, using a course that uses mostly country roads with some interesting historical sites as controles. A good early season course that is not too difficult.",
southwest-syracuse-ramble-perm,Southwest Syracuse Ramble,"East Syracuse, NY",https://ridewithgps.com/routes/35031622,,,4004,,"Starts in East Syracuse, and finishes in Fayetteville. Bi-County (Onondaga-Cortland) loop wandering southwest of Syracuse Valley through Onondaga Indian Nation Territory, Cherry Valley Apple Orchards, Otisco Lake, Song Mountain, Song Lake, and Pompey Hill Summit.",
wandering-down-to-weltonville-perm,Wandering Down to Weltonville,"Lansing, NY",https://ridewithgps.com/routes/46807628,,,5111,,Scenic mostly rolling route with one long climb through forests and farmland on mostly country roads,
wolcott-falls,Wolcott Falls Populaire,ontario,https://ridewithgps.com/routes/5426835,,1625,3933,https://distancerider.net/cues/WolcottPopulaire_R1.0.pdf,"A scenic 100 km ride that showcases the quiet back roads, lakeshore stretches, and small towns of Wayne County and the eastern edge of Monroe County. Beginning and ending near Lake Ontario, the route offers a mix of rolling countryside, farmland, and waterfront riding. A highlight of the route is a visit to Wolcott Falls Park, a natural feature tucked just off the road.",
auburn-audax-perm,Auburn Audax,"Lansing, NY",https://ridewithgps.com/routes/38391035,,,3551,,"Relatively flat route past many historical points of interest, including Harriet Tubman National Park.",
wind-power-farms-102k-perm,Wind Power Farms 102K,"Fayetteville, NY",https://ridewithgps.com/routes/33206746,,,3916,,"Two-county free-route out-and-back route traveling east towards the hill towns used for wind energy farms in Fenner, Munnsville and Madison.",
oneida-lake-perm,Oneida Lake,"Minoa, NY",https://ridewithgps.com/routes/33569629,,,3858,,Scenic loop along the shoreline roads of the lake with great water views.,
phelps-populaire-perm,Phelps Populaire,"Ontario, NY",https://ridewithgps.com/routes/35714056,,,4113,,Populaire on roads generally passing through farm country,
angling-up-to-auburn,Angling Up to Auburn Populaire,lansing,https://ridewithgps.com/routes/49356623,,3512,5145,,Rolling terrain past Owasco Lake and many places of historical interest,
ontario-hamlin-ontario-perm,Ontario-Hamlin-Ontario,"Ontario, NY",https://ridewithgps.com/routes/38133346,,,4292,,"Ontario, NY to Hamlin, NY out and back, mostly along Lake Ontario shoreline. Shortest route includes a seasonal bridge only open to road traffic Nov. 1 to April 1",
looping-up-to-lafayette-perm,Looping Up to Lafayette,"Cortland, NY",https://ridewithgps.com/routes/48930605,,,5291,,Easy rolling loop through Cortland and Onondaga Counties mostly in a scenic river valley,
erie-canal-palmyra-to-syracuse-perm,Erie Canal - Palmyra to Syracuse,"Palmyra, NY",https://ridewithgps.com/routes/50733918,,,5531,,"This route is intended as Day #3 of a 5-day ride of the Erie Canalway from Buffalo to Albany, with a side trip to Niagara Falls. The route is consistent with empiretrail.ny.gov/map as of 4/28/2025.",
erie-canal-medina-to-palmyra-perm,Erie Canal - Medina to Palmyra,"Medina, NY",https://ridewithgps.com/routes/50719235,,,5529,,"This route is intended as Day #2 of a 5-day ride of the Erie Canalway from Buffalo to Albany, with a side trip to Niagara Falls. The route is consistent with empiretrail.ny.gov/map as of 4/28/2025.",
go-west-to-westmoreland-perm,Go West to Westmoreland,"Fayetteville, NY",https://ridewithgps.com/routes/34518536,,,3976,,"Tri-county 113K populaire starting/finishing in quaint village of Fayetteville, with view of Oneida Lake and passing thru hamlet of Westmoreland - nice undulating, moderately challenging route, especially good for winter riding.",
honeypot-michigan-hollow-the-easy-way-perm,Honeypot-Michigan Hollow. The Easy Way,"Ithaca, NY",https://ridewithgps.com/routes/38391061,,,3015,,Rolling to hilly route on mostly scenic country roads.,
athens-revisited,Athens Revisited,nicholsPond,https://ridewithgps.com/routes/53751399,,3729,5768,,"Starting in the town of Spencer, NY, ride the river valleys of the Chemung and Susquehanna Rivers with a brief visit across the PA border to the cities of Athens and Sayre before heading north and west back to the start. There is one significant climb in the first quarter of the ride.",
erie-canal-buffalo-to-medina-with-niagara-falls-perm,Erie Canal - Buffalo to Medina with Niagara Falls,"Buffalo, NY",https://ridewithgps.com/routes/51039216,,,5552,,"This route is intended as Day #1 of a 5-day ride of the scenic Erie Canalway from Buffalo to Albany, with a side trip to the majestic Niagara Falls.",
erie-canal-syracuse-to-little-falls-perm,Erie Canal - Syracuse to Little Falls,"Syracuse, NY",https://ridewithgps.com/routes/50787689,,,5536,,"This route is intended as Day #4 of a 5-day ride of the Erie Canalway from Buffalo to Albany, with a side trip to Niagara Falls. The route is consistent with empiretrail.ny.gov/map as of 4/28/2025.",
tully-150,Tully 150K,"Tully, NY",https://ridewithgps.com/routes/57472286,150,38,,https://distancerider.net/cues/150BW_1.pdf,,Map reconstructed from the cue sheet and not yet checked against the approved route.
all-roads-lead-to-athens,All Roads Lead to Athens Populaire,danbyPnR,https://ridewithgps.com/routes/52671579,,3665,5650,,"A mostly flat ride along the Chemung and Susquehanna rivers, with some tough but scenic climbs at the end.",
day-31-port-to-port-geneva-ny-to-rome-ny-perm,Day 31 Port to Port – Geneva NY to Rome NY,"Geneva, NY",https://ridewithgps.com/routes/50689212,,,5526,,"Finger Lakes and back up to Erie Canal with a visit to Seneca Falls (heart of women's suffrage movement in early 1900's and the inspiration for Bedford Falls in ""It's a Wonderful Life""), Syracuse, farms and small towns-in between.",
day-32-port-to-port-rome-ny-to-saratoga-springs-ny-perm,Day 32 Port to Port - Rome NY to Saratoga Springs NY,"Rome, NY",https://ridewithgps.com/routes/50927910,,,5547,,"Follow the Erie Canal eastward from Rome, then veer straight east to Saratoga Springs, where your horse, naturally, wins.",
cape-vincent-pultneyville,Cape Vincent – Pultneyville 200K,"Cape Vincent, NY",https://ridewithgps.com/routes/9202826,,1818,,,,
farmington-200,"Farmington 200K via Canandaigua, Naples, Ontario Cnty Park","Farmington, NY",https://ridewithgps.com/routes/57472288,200,41,,https://distancerider.net/cues/200LR_1a.pdf,,Rough draft map reconstructed from the cue sheet: parts may follow the wrong road and some cues may be misplaced. Check against the cue sheet before riding.
i-love-riding-in-central-new-york-perm,I Love Riding in Central New York,"Cortland, NY",https://ridewithgps.com/routes/49588111,,,5386,,"Scenic, heart shaped and mostly flat route which follows the Tioughnioga and Chenango Rivers through Cortland and Chenango counties",
lap-of-rochester-summer,Lap of Rochester – Summer,ontario,https://ridewithgps.com/routes/55626563,,3810,,,,
munnsville-200-cooperstown,"Munnsville 200K via Brookfield, Cooperstown","Munnsville, NY",https://ridewithgps.com/routes/57471861,,39,,https://distancerider.net/cues/200GF_1.pdf,,Map reconstructed from the cue sheet and not yet checked against the approved route.
munnsville-200-vernon,"Munnsville 200K via Erieville, Vernon, Stittsville","Munnsville, NY",https://ridewithgps.com/routes/57471866,200,186,,https://distancerider.net/cues/200GF_2.pdf,,Map reconstructed from the cue sheet and not yet checked against the approved route.
ontario-to-naples,Ontario to Naples,ontario,https://ridewithgps.com/routes/29762724,200,40,,https://distancerider.net/cues/200L_1%20Naples_0730.pdf,"This ride begins in the town of Ontario NY, just east of Rochester NY, on the shore of Lake Ontario. The ride follows the Lake Ontario shoreline west from the start nearly to the Rochester city limits. The route then dives south and east to Canandaigua NY. Canandaigua is at the north end of Canandaigua Lake, one of New York's famous Finger Lakes. From here the route proceeds south down the east side of the lake, taking in the sweeping vistas over the lake. At the south end riders stop in Naples, home of several wineries and famous for grape pies, for the checkpoint and lunch. The route turns back north along the west side of the lake, taking in more sweeping views. Riders climb the ""easy"" way up Gannett Hill and pass by the Bristol Mountain Ski Resort. A dash nearly due north completes the circuit of Canandaigua Lake, and takes riders back to the shore of Ontario to finish the ride.",
pultneyville-cape-vincent,Pultneyville – Cape Vincent 200K,"Pultneyville, NY",https://ridewithgps.com/routes/8793840,200,1817,,,,
tully-200-fair-haven,Tully 200K via Fair Haven,"Tully, NY",https://ridewithgps.com/routes/57471881,200,47,,https://distancerider.net/cues/200BW_3.pdf,,Rough draft map reconstructed from the cue sheet: parts may follow the wrong road and some cues may be misplaced. Check against the cue sheet before riding.
tully-200-auburn,"Tully 200K via Jamesville, Homer, Auburn","Tully, NY",https://ridewithgps.com/routes/57471859,200,11,,https://distancerider.net/cues/200BW_1.pdf,,Map reconstructed from the cue sheet and not yet checked against the approved route.
tully-200-sherburne,"Tully 200K via Sangerfield, Sherburne, Homer","Tully, NY",https://ridewithgps.com/routes/57471865,200,13,,https://distancerider.net/cues/200BW_2.pdf,,Map reconstructed from the cue sheet and not yet checked against the approved route.
lansing-auburn-weltonville,Lansing–Auburn–Weltonville 200K,lansing,https://ridewithgps.com/routes/41721425,201,3093,,https://distancerider.net/cues/LAW200k_R0.1_0730.pdf,"This figure-eight route leaves the Lansing ball fields and heads north around Owasco Lake, passing President Millard Fillmore's birthplace in Moravia as well as one of the many boyhood homes of John D. Rockefeller Sr. The route will then leave Owasco Lake and head south via the Salmon Creek floodplain back to the start. It will then proceed through Ellis Hollow through Boiceville and up a long climb to South/Honeypot Rd. The climbing will continue past the MacCormick Secure Center to Fairfield Rd and the southernmost point of Weltonville. A short distance north is the Speedsville General Store. Now the fun of mostly descending the Old 76 route you climbed earlier. Lastly the climb up Turkey Hill Rd, down Mt. Pleasant and across the Freese Rd bridge and back to the finish.",
lap-of-rochester,Lap of Rochester – Winter,ontario,https://ridewithgps.com/routes/54288222,,3738,,https://distancerider.net/cues/200k-Lap_of_Rochester-Winter_R0-2_RUSA-3738_Portrait.pdf,"The 200k Lap of Rochester is a winter randonneuring loop that circles the Rochester metro area while taking advantage of one of the region’s most unusual cycling features: the seasonal Irondequoit Bay Outlet Bridge. Installed each winter to span the mouth of Irondequoit Bay, the bridge allows riders to cross directly from Irondequoit to Webster rather than detouring far inland. The route begins with a stretch of Lake Ontario shoreline riding, where the open water and lake winds set the tone for the day before the course arcs away from the coast and begins its broad loop around the city. From there the ride settles into the rhythm familiar to western New York brevets: rolling terrain, quiet farm roads, and small towns connected by long rural stretches. Riders trace a wide circle through the countryside surrounding Rochester before gradually working their way back toward the lake basin. The route combines exposed lakeshore riding, sheltered inland roads, and steady but manageable elevation changes, creating a classic early-season brevet—one that rewards steady pacing and good winter judgment while showcasing the varied landscapes around Rochester.",
letchworth-conesus,Letchworth – Conesus 200K,"Rochester, NY",https://ridewithgps.com/routes/55914571,,3835,5777,,"A lovely loop through the ""Grand Canyon of the East"" and the Eastern Finger Lakes",Map is on Peter Wills's RideWithGPS account.
seaway-diner,Seaway Diner Ride,ontario,https://ridewithgps.com/routes/52621003,,1325,,https://distancerider.net/cues/200LR_2-R1.1-0730.pdf,"This route takes us east to Oswego and back, generally following the Seaway Trail and the route of the LOL 1000k. This section has mild rollers, but no killer climbs. We pass completely through Oswego, giving us plenty of opportunities for a lunch stop. Along the way, we visit Sodus Point, Wolcott and Fairhaven, often in view of Lake Ontario, and never far from it.",
womens-rights-loop,Women's Rights Loop,ontario,https://ridewithgps.com/routes/50569137,,1082,1902,https://distancerider.net/cues/200LR_3_R1.74-0730.pdf,"Free-route version of Permanent #1010, with minor route changes to reflect absolute shortest safe route.",
dark-skies-perm,Dark Skies,"Wellsville, NY",https://ridewithgps.com/routes/35055481,,,1428,,"A beautiful ride through the ""dark skies"" region of PA, with challenging climbs",
hills-south-of-syracuse-perm,Hills South of Syracuse,"Fayetteville, NY",https://ridewithgps.com/routes/33122762,,,3445,,"Rural loop in counties of Onondaga, Madison and Cortland, utilizing five NY State official bike routes with wide shoulders suitable for safe winter riding, if desired.",
ithaca-gravel-200k-perm,Ithaca Gravel 200k,"Ithaca, NY",https://ridewithgps.com/routes/54270868,,,5823,,A loop highlighting the best gravel of the Ithaca area,
kanadasega,Kanadasega 200K,"Ithaca, NY",https://ridewithgps.com/routes/47475507,,3402,5245,,Scenic rolling to slightly hilly loop through the Finger Lakes National Forest and around Seneca Lake,
penn-yan-200,Penn Yan 200K,"Penn Yan, NY",https://ridewithgps.com/routes/45835472,,3382,,,,
quadzilla-3,Quadzilla Day 3,"Canandaigua, NY",https://ridewithgps.com/routes/33208216,,1283,,,,"Part of the 4×200K Quadzilla tour; all four are approved ACP brevets. Map is a rider's copy of the route, not a club file; check it against the approved route."
fayetteville-to-fairhaven-on-lake-ontario-perm,Fayetteville to Fairhaven on Lake Ontario,"Fayetteville, NY",https://ridewithgps.com/routes/34635411,,,3987,,"Bi-county ride from Fayetteville to Fairhaven State Park on southeastern shore of Lake Ontario, one of America's five Great Lakes.",
gateway-to-the-3-eastern-finger-lakes-203k-loop-perm,Gateway to the 3 Eastern Finger Lakes 203K Loop,"Fayetteville, NY",https://ridewithgps.com/routes/33261602,,,3890,,"Tri-county free-route reversible perm around Owasco, Skaneateles and Otisco Lakes of central NY with highest climb to elevation of 1586' near southwest corner of Skaneateles Lake, the steepest grade 7.9%.",
leatherstocking-ramble-perm,Leatherstocking Ramble,"East Syracuse, NY",https://ridewithgps.com/routes/34849736,,,4014,,"Starts in East Syracuse, and finishes in Fayetteville. Tricounty ride (Onondaga/Madison/Chenango) which starts/ends with a 25 mile out/back ride to college town of Morrisville; with a quintessential CNY Leatherstocking region 75 mile loop on US/NY & county roads with roller-descents - highest elevation 1908' above sea level!",
lap-of-rochester-perm,Lap of Rochester,"Ontario, NY",https://ridewithgps.com/routes/56275567,,,5922,,"The route circles the city of Rochester, NY avoiding urban areas as much as possible and visiting several waterfalls",
quadzilla-1,Quadzilla Day 1,"Ithaca, NY",https://ridewithgps.com/routes/43386695,,1281,,,,"Part of the 4×200K Quadzilla tour; all four are approved ACP brevets. Map is a rider's copy of the route, not a club file; check it against the approved route."
steuben-perm,Steuben,"Elmira, NY",https://ridewithgps.com/routes/33985414,,,920,,A challenging ride on quiet country roads,
camptown-french-azilum,Camptown – French Azilum,danbyFood,https://ridewithgps.com/routes/52727442,,3636,5630,,"Starting just south of Ithaca, NY, this loop takes you through the Southern Tier of New York and the Endless Mountains of Pennsylvania, reaching Camptown, PA (doo dah, doo dah). After crossing the Susquehanna River and visiting the French Azilum historic site, youll loop back to Danby through scenic State Forest lands.",
quadzilla-4,Quadzilla Day 4,"Auburn, NY",https://ridewithgps.com/routes/43386707,,1284,,,,"Part of the 4×200K Quadzilla tour; all four are approved ACP brevets. Map is a rider's copy of the route, not a club file; check it against the approved route."
lansing-auburn-weltonville-l-a-w-2-perm,Lansing-Auburn-Weltonville (L.A.W. #2),"Lansing, NY",https://ridewithgps.com/routes/49949866,,,5444,,Figure 8 Loop visiting historic sites over mostly rolling terrain on mostly country roads with one long climb,
otsego-lake-tourist-perm,Otsego Lake Tourist,"Canastota, NY",https://ridewithgps.com/routes/34326906,,,3953,,"Starts in Canastota, NY, as an out-and-back to Richfield Springs, but extending beyond to a complete loop around Otsego Lake, Cooperstown, including Glimmerglass State Park. 209K; 6969' climbing; highest elevation 1708'; uses NY State & local bike routes; passes thru NY Village of Paris!",
oz-to-myers-point-on-cayuga-lake-perm,Oz to Myers Point on Cayuga Lake,"Chittenango, NY",https://ridewithgps.com/routes/34910127,,,4025,,"Out-and-back from Chittenango, an Oneida Indian named village, that begins rolling thru Chittenango Falls State Park, looping Deruyter Reservoir; then following NY-13 to Cortland; then county roads to the Cayuga Lake Scenic Byway arriving at Myers Point Lighthouse.",
tug-hill-crossing-209k-loop-perm,Tug Hill Crossing 209K Loop,"Fayetteville, NY",https://ridewithgps.com/routes/33206539,,,3902,,"Four-county (Onondaga, Madison, Oneida, Oswego) perm on landscape east of Lake Ontario up and over the Tug Hill Plateau through forests of Florence, Redfield and around Salmon River Reservoir.",
quadzilla-2,Quadzilla Day 2,"Canandaigua, NY",https://ridewithgps.com/routes/12456253,,1282,,,,"Part of the 4×200K Quadzilla tour; all four are approved ACP brevets. Map is a rider's copy of the route, not a club file; check it against the approved route."
finger-lakes-waterfalls-perm,Finger Lakes Waterfalls,"Canandaigua, NY",https://ridewithgps.com/routes/36429338,,,2325,,"Free-route permanent visiting four New York Finger Lakes and three major waterfalls, one higher than Niagara Falls! Infinite climbing possibilities!",
day-30-port-to-port-buffalo-ny-to-geneva-ny-perm,Day 30 Port to Port - Buffalo NY to Geneva NY,"Buffalo, NY",https://ridewithgps.com/routes/50655588,,,5523,,"Architecture and history tour of western NY. Start off with some Buffalo architectural highlights followed by a trip to Rochester via the Erie Canal, then off to the Finger Lakes, ending in Geneva.",
munnsville-300,"Munnsville 300K via Camden, Pulaski, Sackets Harbor","Munnsville, NY",https://ridewithgps.com/routes/57471910,300,48,,https://distancerider.net/cues/300GF_1.pdf,,Rough draft map reconstructed from the cue sheet: parts may follow the wrong road and some cues may be misplaced. Check against the cue sheet before riding.
ontario-300,"Ontario 300K via Canandaigua, Naples, Canaseraga",ontario,https://ridewithgps.com/routes/57472289,300,52,,https://distancerider.net/cues/300LR_1%20R1.3.pdf,,Rough draft map reconstructed from the cue sheet: parts may follow the wrong road and some cues may be misplaced. Check against the cue sheet before riding.
tully-300-verona,"Tully 300K via Hamilton, Vernon, Richland","Tully, NY",https://ridewithgps.com/routes/57471902,300,12,,https://distancerider.net/cues/300BW_2.pdf,,Rough draft map reconstructed from the cue sheet: parts may follow the wrong road and some cues may be misplaced. Check against the cue sheet before riding.
tully-300-ithaca,"Tully 300K via Waterloo, Ithaca, Lisle","Tully, NY",https://ridewithgps.com/routes/57471868,300,10,,https://distancerider.net/cues/300BW_1.pdf,,Map reconstructed from the cue sheet and not yet checked against the approved route.
300lr-2frp-finger-lakes-waterfalls-300k-perm,300LR_2FRP (Finger Lakes Waterfalls 300k),"Ontario, NY",https://ridewithgps.com/routes/36642262,,,2408,,"300k free-route permanent visiting four New York Finger Lakes and four named waterfalls, one higher than Niagara Falls! Infinite climbing possibilities!",
flight-in-the-finger-lakes,Flight in the Finger Lakes 300K,hangar,https://ridewithgps.com/routes/45289753,302,3313,5214,,Scenic route which has the theme of flight both literally and figuratively,
jims-early-season-300k,Jim's Early Season 300K,ontario,https://ridewithgps.com/routes/55235717,302,3074,,https://distancerider.net/cues/300LR_3R1.11-Jim's%20Early%200600.pdf,This route builds upon the Women's Rights 200k course but continues east from Seneca Falls through Auburn and Skaneateles before heading north to Fulton. It then heads west back to the start in Ontario going through Wolcott and Sodus. This is a good early season route since there are no major climbs or steep descents.,
johns-waterfall-300,John's Waterfall 300K,ontario,https://ridewithgps.com/routes/4633527,,1589,,https://distancerider.net/cues/300LR_2-%20R1.31_Johns_300k.pdf,"Visit Seneca Lake's charming town of Geneva, NY and make your way over the spine between the two largest Finger Lakes towards Taughannock Falls. Back over the ridge to visit two waterfalls on the south side of Seneca Lake and over Sugar Hill to Penn Yan on Keuka Lake. You'll be glad for the mostly downhill run back to Lake Ontario and the finish.",
around-the-finger-lakes,Around the Finger Lakes 400K,cassPark,https://ridewithgps.com/routes/50969151,,3084,4261,,This route touches each of the 11 Finger Lakes at least once.,
joes-niagara-400k,Joe's Niagara 400K,ontario,https://ridewithgps.com/routes/51622157,400,2750,,https://distancerider.net/cues/400LR_2_R2.4.pdf,"This ride starts in Ontario, NY, and heads south, crossing the Erie Canal, to Farmington, NY. The westbound leg traverses gently rolling terrain to the Iroquois National Wildlife Refuge, Lockport, and the roaring American side of Niagara Falls. Following the Niagara River north, the road descends over the Niagara Escarpment and continues to historic Fort Niagara, where the river joins Lake Ontario. The ride east to Rochester provides many views of the expanse of this Great Lake. The final stretch around Irondequoit Bay includes some urban riding and a couple of final climbs before returning to Ontario.",
munnsville-400,"Munnsville 400K via Manlius, Tully, Fair Haven","Munnsville, NY",https://ridewithgps.com/routes/57471951,400,238,,https://distancerider.net/cues/400GF_1.pdf,,Rough draft map reconstructed from the cue sheet: parts may follow the wrong road and some cues may be misplaced. Check against the cue sheet before riding.
tully-400,"Tully 400K via Oxford, Walton, Oneonta","Tully, NY",https://ridewithgps.com/routes/57472290,400,9,,https://distancerider.net/cues/400BW_1.pdf,,Rough draft map reconstructed from the cue sheet: parts may follow the wrong road and some cues may be misplaced. Check against the cue sheet before riding.
what-goes-around,"What Goes Around, Comes Around – Redux",ontario,https://ridewithgps.com/routes/29831822,,469,,https://distancerider.net/cues/400LR_1A%20R%201.6.pdf,"Ontario, Owasco and Skaneateles shorelines, glacial valleys, and drumlins.",
joes-niagara-600k,Joe's Niagara 600K,ontario,Loop 1: https://ridewithgps.com/routes/47100229; Loop 2: https://ridewithgps.com/routes/47100474,600,2809,,https://distancerider.net/cues/600LR_3_R1.0.pdf,Ride both Joe's Niagara 400k and the Women's Rights 200k and pray for tailwinds along the lake shore.,
letchworth-cayuga,Letchworth – Cayuga 600K,pennYan,https://ridewithgps.com/routes/53447996,,3314,,,"This 600k route weaves its way between the western Finger Lakes on the way to Letchworth State Park and its 500 ft deep gorge and some Southern Tier riding. Possible sleep stops include Hornell, Bath, or Penn Yan. The second loop visits Watkins Glen, Ithaca, Trumansburg, the Finger Lakes National Forest, the eastern shore of Seneca Lake through Sampson State Park, and Geneva.",
munnsville-600,"Munnsville 600K via Oneonta, Tannersvile, Hudson","Munnsville, NY",https://ridewithgps.com/routes/57471975,600,285,,https://distancerider.net/cues/600GF_1.pdf,,Rough draft map reconstructed from the cue sheet: parts may follow the wrong road and some cues may be misplaced. Check against the cue sheet before riding.
pauls-niagara-600k,Paul's Niagara Loop 600K,ontario,Loop 1: https://ridewithgps.com/routes/52215221; Loop 2: https://ridewithgps.com/routes/52215224,600,3391,,https://distancerider.net/cues/600LR-4_L1_R0-16_-_3391-_Paul-s_Niagara_600k-_loop_1-Hard_Road.pdf; https://distancerider.net/cues/600LR-4_L2_R0-16_-_3391-_Paul-s_Niagara_600k_loop_2.pdf,"Two loops from the same start, so riders can stop at the start between them.",
perry-600,"Perry 600K via Arcade, Ellicottville, Randolph","Perry, NY",https://ridewithgps.com/routes/57472292,600,20,,https://distancerider.net/cues/600LS_1.pdf,,Rough draft map reconstructed from the cue sheet: parts may follow the wrong road and some cues may be misplaced. Check against the cue sheet before riding.
ontario-602,"Ontario 602K via Oswego, Chaumont, Pulaski",ontario,https://ridewithgps.com/routes/57472294,602,764,,https://distancerider.net/cues/600LR_1.pdf,,Rough draft map reconstructed from the cue sheet: parts may follow the wrong road and some cues may be misplaced. Check against the cue sheet before riding.
stuarts-600k,Stuart's 600K,ontario,https://ridewithgps.com/routes/8200530,603,1085,,https://distancerider.net/cues/600LR_2-R1.52.pdf,"Follow the Lake Ontario ""Seaway Trail"" east and then north to Chaumont near the Canada border. Climb a part of the Tug Hill Plateau and up into the Allegheny Plateau for a sleep stop. Descend back into the Mohawk Valley and traverse the hilly areas north of Oneida Lake to the finish.",
wny-waterfalls-1000,Western NY Waterfalls 1000,northPonds,Leaf 1: https://ridewithgps.com/routes/48687387; Leaf 2: https://ridewithgps.com/routes/48687413; Leaf 3: https://ridewithgps.com/routes/48687425,,2785,,,"Our cloverleaf grand randonnée of Niagara Falls, the Lake Ontario shoreline, some of the waterfalls and farmlands in the Finger Lakes, and the Oswego River.",
wny-waterfalls-light-1000,"WNY Waterfalls – Light, 1000K",ontario,Day 1: https://ridewithgps.com/routes/43349914; Day 2: https://ridewithgps.com/routes/43612734; Day 3: https://ridewithgps.com/routes/42771682,,3186,,https://distancerider.net/cues/1000LR_3R0.6-0500.pdf,,Day order inferred from the segment names and distances (405 + 323 + 278 km); confirm.
lap-of-the-lake,LOL (Lap of the Lake),ontario,https://ridewithgps.com/routes/57472895,1014,913,,https://distancerider.net/cues/1000LR_1-GF-R1.8%20English.pdf,,Rough draft map reconstructed from the cue sheet: parts may follow the wrong road and some cues may be misplaced. Check against the cue sheet before riding. Circles Lake Ontario through Canada.
wny-waterfalls-1200,Western NY Waterfalls 1200,northPonds,Leaf 1: https://ridewithgps.com/routes/48687387; Leaf 2: https://ridewithgps.com/routes/48687413; Leaf 3: https://ridewithgps.com/routes/48687425; Leaf 4: https://ridewithgps.com/routes/48687446,,2783,,https://distancerider.net/cues/1200LR_1_R1.01_09042024.pdf,"Our cloverleaf grand randonnée of Niagara Falls, the Lake Ontario shoreline, some of the waterfalls and farmlands in the Finger Lakes, and the Oswego River.",
waterfalls-1300,Waterfalls 1300K,northPonds,Leaf 1: https://ridewithgps.com/routes/48687387; Leaf 2: https://ridewithgps.com/routes/48687413; Leaf 3: https://ridewithgps.com/routes/48687425; Leaf 4 (1300K option): https://ridewithgps.com/routes/48687439; Leaf 5: https://ridewithgps.com/routes/48687483,1309,3405,,https://distancerider.net/cues/1300LR_1_R0.01_09042024.pdf,"Our cloverleaf grand randonnée of Niagara Falls, the Lake Ontario shoreline, some of the waterfalls and farmlands in the Finger Lakes, and the Oswego River.",
